{"cameraMode":{"drawMode":0,"name":"Shaded","section":"Shading Mode"},"sceneLighting":false,"audioPlay":false,"sceneViewState":{"showFog":true,"showMaterialUpdate":true,"showSkybox":true,"showFlares":true,"showImageEffects":true,"showParticleSystems":true},"in2DMode":false,"pivot":{"x":-8.618064880371094,"y":-1.4425143003463746,"z":24.87870979309082},"rotation":{"x":0.08086491376161576,"y":-0.03528504818677902,"z":0.0028511055279523136,"w":0.9961296916007996},"size":22.0,"orthographic":false}