{"cameraMode":{"drawMode":0,"name":"Shaded","section":"Shading Mode"},"sceneLighting":true,"audioPlay":false,"sceneViewState":{"showFog":true,"showMaterialUpdate":true,"showSkybox":true,"showFlares":true,"showImageEffects":true,"showParticleSystems":true},"in2DMode":false,"pivot":{"x":-28.986919403076173,"y":-3.741366147994995,"z":-87.8379898071289},"rotation":{"x":0.0032195239327847959,"y":-0.9909673929214478,"z":0.024689029902219774,"w":0.13218939304351808},"size":99.08158874511719,"orthographic":false}